organization,space_id,stratum
Arbitrum DAO,arbitrumfoundation.eth,Protocol and Infrastructure
Aave DAO,aavedao.eth,Protocol and Infrastructure
PancakeSwap,cakevote.eth,Protocol and Infrastructure
GMX,gmx.eth,Protocol and Infrastructure
Uniswap,uniswapgovernance.eth,Protocol and Infrastructure
Index Coop,index-coop.eth,Capital
Mutant Cats DAO,mutantcatsvote.eth,Capital
Mutant Cats DAO,mutantsdao.eth,Capital
Reidar,reidar.eth,Capital
Ethlizards,ethlizards.eth,Capital
MetaTrustDAO,wrldtakeovernft.eth,Capital
Gitcoin,gitcoindao.eth,Public Goods and Service
MoonDAO,tomoondao.eth,Public Goods and Service
LXDAO,lxdao.eth,Public Goods and Service
CoW DAO Grants,cowgrants.eth,Public Goods and Service
BIO,bioxyz.eth,Public Goods and Service
Developer DAO,devdao.eth,Social and Cultural
Friends With Benefits,friendswithbenefits.eth,Social and Cultural
"Forgotten Runes Wizard's Cult",forgottengov.eth,Social and Cultural
Donut DAO,ethtraderdao.eth,Social and Cultural
Krause House,krausehouse.eth,Social and Cultural
